{
  "walls": {
    "A": {
      "display": 1,
      "grid": {
        "rows": 2,
        "cols": 3
      },
      "plane": {
        "origin": [
          -1.5768364795749172,
          -0.29001425658766816,
          1.5543324112117367
        ],
        "u_vec": [
          1.5396570966152698,
          -0.09301782224338499,
          1.4250627037387988
        ],
        "v_vec": [
          0.2114465979994506,
          1.1073241102309919,
          0.05065370125574328
        ]
      },
      "width_m": 2.1
    },
    "B": {
      "display": 2,
      "grid": {
        "rows": 2,
        "cols": 3
      },
      "plane": {
        "origin": [
          -0.4146552093318237,
          -0.5560045551887906,
          3.3347869317555316
        ],
        "u_vec": [
          1.5731226192893455,
          0.06327378069199563,
          -1.6436111624581917
        ],
        "v_vec": [
          0.30329175185103735,
          1.5883077450114444,
          0.07265593268912933
        ]
      },
      "width_m": 2.276
    }
  },
  "adjacency": [
    {
      "left": "A",
      "right": "B",
      "seam_margin": 0.06
    }
  ],
  "cameras": {
    "cam0": {
      "device": "CP0E8530002Y",
      "serves": [
        "A",
        "B"
      ],
      "kind": "gemini_335",
      "intrinsics": {
        "fx": 692.0621337890625,
        "fy": 692.3007202148438,
        "cx": 645.7052612304688,
        "cy": 366.31549072265625,
        "width": 1280,
        "height": 720
      },
      "extrinsic": {
        "matrix": [
          [
            1.0,
            0.0,
            0.0,
            0.0
          ],
          [
            0.0,
            1.0,
            0.0,
            0.0
          ],
          [
            0.0,
            0.0,
            1.0,
            0.0
          ],
          [
            0.0,
            0.0,
            0.0,
            1.0
          ]
        ]
      }
    }
  },
  "calibration": {},
  "fusion": {
    "mode": "highest_confidence",
    "merge_radius": 0.5,
    "track_max_age": 0.5,
    "cross_camera": true
  },
  "server": {
    "ws_port": 8770,
    "http_port": 8000,
    "fps": 30,
    "num_poses": 2,
    "mirror": true,
    "min_confidence": 0.3,
    "model": "models/pose_landmarker_full.task",
    "pointing": "shoulder_hand",
    "smoothing": 2.5
  }
}
