{
 "A": {
  "cam0": [
   [
    0.12,
    0.15,
    [
     -1.268052488902532,
     -0.1570936769300475,
     1.784000039100647
    ]
   ],
   [
    0.5,
    0.15,
    [
     -0.7568040902054675,
     -0.1513364495168148,
     2.3470001220703125
    ]
   ],
   [
    0.12,
    0.5,
    [
     -1.2351032110578462,
     0.24185765618796076,
     1.75600004196167
    ]
   ],
   [
    0.12,
    0.85,
    [
     -1.2427734458728896,
     0.6557555715257594,
     1.7890000343322754
    ]
   ],
   [
    0.88,
    0.85,
    [
     0.17524681933508696,
     0.5461155730359322,
     3.0250000953674316
    ]
   ]
  ]
 },
 "B": {
  "cam0": [
   [
    0.88,
    0.15,
    [
     1.566473233126055,
     -0.5164069956544384,
     2.0210001468658447
    ]
   ],
   [
    0.5,
    0.85,
    [
     0.8080384956500143,
     0.7110292038602164,
     2.491000175476074
    ]
   ],
   [
    0.88,
    0.85,
    [
     1.4842565642541536,
     0.7528789056248645,
     2.0400002002716064
    ]
   ],
   [
    0.12,
    0.5,
    [
     -0.22525098627385118,
     0.6251080575783341,
     3.0450000762939453
    ]
   ]
  ]
 }
}