{
 "A": {
  "cam0": [
   [
    0.12,
    0.15,
    [
     -1.1889178379008323,
     -0.226983675534733,
     1.9190001487731934
    ]
   ],
   [
    0.5,
    0.15,
    [
     -0.6139069317800966,
     -0.15229988676706152,
     2.501000165939331
    ]
   ],
   [
    0.88,
    0.15,
    [
     -0.13095021930053458,
     -0.08291258649189796,
     3.057000160217285
    ]
   ],
   [
    0.12,
    0.5,
    [
     -1.19936742304311,
     0.19868245116312538,
     1.8860000371932983
    ]
   ],
   [
    0.5,
    0.5,
    [
     -0.6314519996220793,
     0.2638381442557247,
     2.501000165939331
    ]
   ],
   [
    0.88,
    0.5,
    [
     -0.13433050110141176,
     0.3111284244228507,
     2.9800002574920654
    ]
   ],
   [
    0.12,
    0.85,
    [
     -1.2042028141657053,
     0.6238740827246645,
     1.8530000448226929
    ]
   ],
   [
    0.5,
    0.85,
    [
     -0.6295207213469362,
     0.675572523409607,
     2.440000057220459
    ]
   ],
   [
    0.88,
    0.85,
    [
     -0.14528649513267078,
     0.7308964936146978,
     3.0530002117156982
    ]
   ]
  ]
 },
 "B": {
  "cam0": [
   [
    0.12,
    0.15,
    [
     -0.13404869455320081,
     -0.0724481892719351,
     3.1490001678466797
    ]
   ],
   [
    0.88,
    0.15,
    [
     1.6326830288451644,
     -0.15225925248850553,
     2.2740001678466797
    ]
   ],
   [
    0.12,
    0.5,
    [
     -0.197117661775818,
     0.39320519313740226,
     3.0340001583099365
    ]
   ],
   [
    0.88,
    0.5,
    [
     1.604284820484903,
     0.2940407816688014,
     2.190000057220459
    ]
   ],
   [
    0.12,
    0.85,
    [
     -0.19491337571520223,
     0.9634501662904389,
     3.011000156402588
    ]
   ],
   [
    0.5,
    0.85,
    [
     0.7802915412578039,
     1.2395412682220506,
     2.4850001335144043
    ]
   ]
  ]
 }
}