{
  "walls": {
    "A": {
      "display": 1,
      "grid": {
        "rows": 2,
        "cols": 3
      },
      "plane": {
        "origin": [
          -1.3401232967715686,
          -0.4129857422153017,
          1.74411454256515
        ],
        "u_vec": [
          1.5590378579413036,
          0.1781225324500958,
          1.681568708361141
        ],
        "v_vec": [
          -0.02154049603040415,
          1.1869234516869815,
          -0.062381029129028744
        ]
      }
    },
    "B": {
      "display": 2,
      "grid": {
        "rows": 2,
        "cols": 3
      },
      "plane": {
        "origin": [
          -0.027142100728136196,
          -0.42526419896156686,
          3.6667436035259553
        ],
        "u_vec": [
          1.8339246885453322,
          0.010782481815342825,
          -1.6990008754646972
        ],
        "v_vec": [
          -0.03186548972751393,
          1.755850793950693,
          -0.09228209230173037
        ]
      }
    }
  },
  "adjacency": [
    {
      "left": "A",
      "right": "B",
      "seam_margin": 0.06
    }
  ],
  "cameras": {
    "cam0": {
      "device": "CP0E8530002Y",
      "serves": [
        "A",
        "B"
      ],
      "kind": "gemini_335",
      "intrinsics": {
        "fx": 692.0621337890625,
        "fy": 692.3007202148438,
        "cx": 645.7052612304688,
        "cy": 366.31549072265625,
        "width": 1280,
        "height": 720
      },
      "extrinsic": {
        "matrix": [
          [
            1.0,
            0.0,
            0.0,
            0.0
          ],
          [
            0.0,
            1.0,
            0.0,
            0.0
          ],
          [
            0.0,
            0.0,
            1.0,
            0.0
          ],
          [
            0.0,
            0.0,
            0.0,
            1.0
          ]
        ]
      }
    }
  },
  "calibration": {},
  "fusion": {
    "mode": "highest_confidence",
    "merge_radius": 0.5,
    "track_max_age": 0.5,
    "cross_camera": true
  },
  "server": {
    "ws_port": 8770,
    "http_port": 8000,
    "fps": 30,
    "num_poses": 2,
    "mirror": true,
    "min_confidence": 0.3,
    "model": "models/pose_landmarker_full.task",
    "pointing": "shoulder_hand"
  }
}
