{
  "walls": {
    "A": {
      "display": 1,
      "grid": {
        "rows": 2,
        "cols": 3
      },
      "plane": {
        "origin": [
          1.6395664591440684,
          -0.7838741694596831,
          2.4242147362844815
        ],
        "u_vec": [
          -2.455222510055735,
          0.20785624940606448,
          -0.2316521153696963
        ],
        "v_vec": [
          0.06186855043527163,
          1.3095453384454363,
          0.4419761332487326
        ]
      }
    },
    "B": {
      "display": 2,
      "grid": {
        "rows": 2,
        "cols": 3
      },
      "plane": {
        "origin": [
          -0.8564323172915461,
          -0.8642590385563843,
          2.378144183523531
        ],
        "u_vec": [
          0.2885829006782862,
          0.7926529669633389,
          -2.348117288750799
        ],
        "v_vec": [
          0.07201828064130497,
          1.5243803682671824,
          0.5144837074268891
        ]
      }
    }
  },
  "adjacency": [
    {
      "left": "A",
      "right": "B",
      "seam_margin": 0.06
    }
  ],
  "cameras": {
    "cam0": {
      "device": "072843433747",
      "serves": [
        "A"
      ],
      "kind": "kinect_v2",
      "intrinsics": {
        "fx": 366.535888671875,
        "fy": 366.535888671875,
        "cx": 259.627197265625,
        "cy": 213.54339599609375,
        "width": 512,
        "height": 424
      },
      "extrinsic": {
        "matrix": [
          [
            1.0,
            0.0,
            0.0,
            0.0
          ],
          [
            0.0,
            1.0,
            0.0,
            0.0
          ],
          [
            0.0,
            0.0,
            1.0,
            0.0
          ],
          [
            0.0,
            0.0,
            0.0,
            1.0
          ]
        ]
      }
    },
    "cam1": {
      "device": "010289152747",
      "serves": [
        "A",
        "B"
      ],
      "kind": "kinect_v2",
      "intrinsics": {
        "fx": 365.0255126953125,
        "fy": 365.0255126953125,
        "cx": 260.11468505859375,
        "cy": 202.7039031982422,
        "width": 512,
        "height": 424
      },
      "extrinsic": {
        "matrix": [
          [
            0.5865027381178942,
            0.002264700909811859,
            -0.8099440778905678,
            2.304693607664263
          ],
          [
            -0.28217987107918296,
            0.9379162676965419,
            -0.20171166339090055,
            0.5211936235163344
          ],
          [
            0.7592029099904374,
            0.3468543583695864,
            0.5507295121401015,
            0.560363675547942
          ],
          [
            0.0,
            0.0,
            0.0,
            1.0
          ]
        ]
      }
    }
  },
  "calibration": {},
  "fusion": {
    "mode": "highest_confidence",
    "merge_radius": 0.8,
    "track_max_age": 0.5
  },
  "server": {
    "ws_port": 8770,
    "http_port": 8000,
    "fps": 30,
    "num_poses": 2,
    "mirror": true,
    "min_confidence": 0.3,
    "model": "models/pose_landmarker_full.task",
    "pointing": "shoulder_hand"
  }
}
