{
  "walls": {
    "A": {
      "display": 1,
      "grid": {
        "rows": 2,
        "cols": 3
      },
      "plane": {
        "origin": [
          -1.3665065082803471,
          -0.5498935382354562,
          1.436340960942415
        ],
        "u_vec": [
          1.2145979836844611,
          -0.2809162085330449,
          1.6899224307088954
        ],
        "v_vec": [
          0.09694272890332037,
          1.1387589186756137,
          0.10714275496346544
        ]
      },
      "width_m": 2.1
    },
    "B": {
      "display": 2,
      "grid": {
        "rows": 2,
        "cols": 3
      },
      "plane": {
        "origin": [
          0.1881474656726247,
          -0.6226216588879581,
          2.9141201207237506
        ],
        "u_vec": [
          1.8437226231894572,
          -0.051560563150366785,
          -1.3334933059700764
        ],
        "v_vec": [
          0.1985601983017648,
          2.3324306966397823,
          0.219452112735135
        ]
      },
      "width_m": 2.276
    }
  },
  "adjacency": [
    {
      "left": "A",
      "right": "B",
      "seam_margin": 0.06
    }
  ],
  "cameras": {
    "cam0": {
      "device": "CP0E8530002Y",
      "serves": [
        "A",
        "B"
      ],
      "kind": "gemini_335",
      "intrinsics": {
        "fx": 692.0621337890625,
        "fy": 692.3007202148438,
        "cx": 645.7052612304688,
        "cy": 366.31549072265625,
        "width": 1280,
        "height": 720
      },
      "extrinsic": {
        "matrix": [
          [
            1.0,
            0.0,
            0.0,
            0.0
          ],
          [
            0.0,
            1.0,
            0.0,
            0.0
          ],
          [
            0.0,
            0.0,
            1.0,
            0.0
          ],
          [
            0.0,
            0.0,
            0.0,
            1.0
          ]
        ]
      }
    }
  },
  "calibration": {},
  "fusion": {
    "mode": "highest_confidence",
    "merge_radius": 0.5,
    "track_max_age": 0.5,
    "cross_camera": true
  },
  "server": {
    "ws_port": 8770,
    "http_port": 8000,
    "fps": 30,
    "num_poses": 2,
    "mirror": true,
    "min_confidence": 0.3,
    "model": "models/pose_landmarker_full.task",
    "pointing": "shoulder_hand",
    "smoothing": 2.5
  }
}
