{
  "walls": {
    "A": {
      "display": 1,
      "grid": {
        "rows": 2,
        "cols": 3
      },
      "plane": {
        "origin": [
          -1.3425929303379631,
          -0.42088365511913955,
          1.8411516658245972
        ],
        "u_vec": [
          1.51701144992745,
          0.2703688784238328,
          1.707506055734167
        ],
        "v_vec": [
          0.004899328752113475,
          1.186755824223159,
          -0.16428561437697664
        ]
      }
    },
    "B": {
      "display": 2,
      "grid": {
        "rows": 2,
        "cols": 3
      },
      "plane": {
        "origin": [
          0.1561682893376989,
          -0.1651143223340963,
          3.5667860861787246
        ],
        "u_vec": [
          1.8789124702470947,
          -0.1907621408063563,
          -1.6380774507894729
        ],
        "v_vec": [
          0.005106595420330497,
          1.2369616663128067,
          -0.17123573625096059
        ]
      }
    }
  },
  "adjacency": [
    {
      "left": "A",
      "right": "B",
      "seam_margin": 0.06
    }
  ],
  "cameras": {
    "cam0": {
      "device": "CP0E8530002Y",
      "serves": [
        "A",
        "B"
      ],
      "kind": "gemini_335",
      "intrinsics": {
        "fx": 692.0621337890625,
        "fy": 692.3007202148438,
        "cx": 645.7052612304688,
        "cy": 366.31549072265625,
        "width": 1280,
        "height": 720
      },
      "extrinsic": {
        "matrix": [
          [
            1.0,
            0.0,
            0.0,
            0.0
          ],
          [
            0.0,
            1.0,
            0.0,
            0.0
          ],
          [
            0.0,
            0.0,
            1.0,
            0.0
          ],
          [
            0.0,
            0.0,
            0.0,
            1.0
          ]
        ]
      }
    }
  },
  "calibration": {},
  "fusion": {
    "mode": "highest_confidence",
    "merge_radius": 0.5,
    "track_max_age": 0.5,
    "cross_camera": true
  },
  "server": {
    "ws_port": 8770,
    "http_port": 8000,
    "fps": 30,
    "num_poses": 2,
    "mirror": true,
    "min_confidence": 0.3,
    "model": "models/pose_landmarker_full.task",
    "pointing": "shoulder_hand",
    "smoothing": 1.8
  }
}